id,Tg,FFV,Tc,Density,Rg
1109053969,83.04990567939582,0.37001967,0.22585413,1.0761477,23.973994589476142
1422188626,110.31095805965835,0.4098459,0.30446005,0.87621695,20.307869564506326
2032016830,236.4463813169551,0.38353273,0.2278061,0.98127496,21.405700876730098
