id,Tg,FFV,Tc,Density,Rg
1109053969,104.257286,0.36275822,0.27520218,0.9950407,16.961718
1422188626,104.2042,0.3628923,0.27414638,0.9962218,16.93437
2032016830,104.06872,0.36311072,0.27279547,0.9975671,16.891869
