id,Tg,FFV,Tc,Density,Rg
1109053969,159.3712,0.3876176,0.1794817,1.1327362,20.096207
1422188626,154.1872,0.38852045,0.20209923,1.1062472,19.930641
2032016830,102.5128,0.38551128,0.2517613,1.0599145,17.771978
